generacion,pokemon,nombre_anterior,nombre_nuevo,etapa,fitness_antes,fitness_despues,mejora,tipo
1,Kanto_003,Kanto_003,Kanto_003-II,1,0.659932340472513,0.813258590472513,0.15332625,normal
1,Kanto_004,Kanto_004,Kanto_004-II,1,0.5353840016864613,0.6987340016864614,0.1633500000000001,normal
1,Kanto_005,Kanto_005,Kanto_005-II,1,0.5002137594154155,0.6462387594154155,0.14602500000000007,normal
1,Kanto_007,Kanto_007,Kanto_007-II,1,0.5638969570592592,0.7099219570592592,0.14602499999999996,normal
1,Kanto_009,Kanto_009,Kanto_009-II,1,0.5599810468118407,0.7060060468118406,0.14602499999999996,normal
1,Kanto_011,Kanto_011,Kanto_011-II,1,0.5444176815177191,0.6904426815177191,0.14602500000000007,normal
1,Kanto_015,Kanto_015,Kanto_015-II,1,0.5372444395746335,0.6832694395746336,0.14602500000000007,normal
1,Kanto_016,Kanto_016,Kanto_016-II,1,0.570983283021605,0.7170082830216048,0.14602499999999985,normal
1,Kanto_020,Kanto_020,Kanto_020-II,1,0.5928135797153835,0.7431889173456179,0.15037533763023436,normal
1,Kanto_021,Kanto_021,Kanto_021-II,1,0.540070550527195,0.686095550527195,0.14602499999999996,normal
1,Kanto_022,Kanto_022,Kanto_022-II,1,0.5148427123877154,0.6608677123877154,0.14602499999999996,normal
1,Kanto_024,Kanto_024,Kanto_024-II,1,0.5374827305913258,0.7290477305913259,0.1915650000000001,normal
1,Kanto_026,Kanto_026,Kanto_026-II,1,0.5758917601551456,0.7292180101551456,0.15332625,normal
1,Kanto_034,Kanto_034,Kanto_034-II,1,0.5337783409527234,0.6971283409527234,0.16335,normal
1,Kanto_036,Kanto_036,Kanto_036-II,1,0.5048834331572052,0.6509084331572053,0.14602500000000007,normal
1,Kanto_039,Kanto_039,Kanto_039-II,1,0.553494255868949,0.716844255868949,0.16335,normal
1,Kanto_040,Kanto_040,Kanto_040-II,1,0.6592260475565954,0.8507910475565954,0.19156499999999999,normal
1,Kanto_042,Kanto_042,Kanto_042-II,1,0.5680219182567878,0.7213481682567879,0.1533262500000001,normal
1,Kanto_046,Kanto_046,Kanto_046-II,1,0.6028923763073756,0.7944573763073757,0.1915650000000001,normal
1,Kanto_047,Kanto_047,Kanto_047-II,1,0.5491277520851953,0.7024540020851952,0.1533262499999999,normal
1,Kanto_055,Kanto_055,Kanto_055-II,1,0.5553040269306668,0.7013290269306668,0.14602499999999996,normal
1,Kanto_057,Kanto_057,Kanto_057-II,1,0.5414174015566465,0.7329824015566466,0.1915650000000001,normal
1,Kanto_059,Kanto_059,Kanto_059-II,1,0.5158754962107739,0.661900496210774,0.14602500000000007,normal
1,Kanto_060,Kanto_060,Kanto_060-II,1,0.5037301207553523,0.6570563707553523,0.15332625,normal
1,Kanto_061,Kanto_061,Kanto_061-II,1,0.5087031672106043,0.6620294172106042,0.1533262499999999,normal
1,Kanto_063,Kanto_063,Kanto_063-II,1,0.6404352095456366,0.8320002095456367,0.1915650000000001,normal
1,Kanto_064,Kanto_064,Kanto_064-II,1,0.521537384084295,0.7131023840842947,0.19156499999999976,normal
1,Kanto_066,Kanto_066,Kanto_066-II,1,0.5071235063749975,0.6531485063749974,0.14602499999999996,normal
1,Kanto_067,Kanto_067,Kanto_067-II,1,0.5467674734909639,0.7000937234909639,0.15332625,normal
1,Kanto_068,Kanto_068,Kanto_068-II,1,0.5289569476349861,0.6923069476349861,0.16335,normal
1,Kanto_069,Kanto_069,Kanto_069-II,1,0.5475415029804002,0.7391065029804001,0.19156499999999999,normal
1,Kanto_070,Kanto_070,Kanto_070-II,1,0.5206694931120943,0.7122344931120944,0.1915650000000001,normal
1,Kanto_071,Kanto_071,Kanto_071-II,1,0.564496312478302,0.7036297294362602,0.13913341695795822,normal
1,Kanto_074,Kanto_074,Kanto_074-II,1,0.5141213657328831,0.6601463657328832,0.14602500000000007,normal
1,Kanto_075,Kanto_075,Kanto_075-II,1,0.5014529308807997,0.6474779308807997,0.14602500000000007,normal
1,Kanto_077,Kanto_077,Kanto_077-II,1,0.5829247484789847,0.7362509984789846,0.1533262499999999,normal
1,Kanto_079,Kanto_079,Kanto_079-II,1,0.5312827657418717,0.7228477657418718,0.1915650000000001,normal
1,ROUGE,ROUGE,ROUGE-II,1,0.7365600000000001,0.8877870000000001,0.151227,normal
2,ROUGE,ROUGE-II,ROUGE-III,2,0.8877870000000001,1.013175,0.12538799999999983,normal
2,Kanto_040,Kanto_040-II,Kanto_040-III,2,0.8507910475565954,0.9807937369407536,0.13000268938415815,normal
2,Kanto_063,Kanto_063-II,Kanto_063-III,2,0.8320002095456367,0.9856245162476053,0.15362430670196858,normal
2,Kanto_004,Child_010028,Child_010028-II,1,0.7116649357856155,0.8750149357856155,0.16335,normal
2,Kanto_039,Kanto_039-II,Kanto_039-III,2,0.7460278931663726,0.9187126544187303,0.17268476125235765,normal
2,Kanto_040,Child_053700,Child_053700-II,1,0.8441210710124715,0.9796216169247387,0.13550054591226723,normal
2,Kanto_066,Child_079353,Child_079353-II,1,0.6153954988794162,0.7614204988794162,0.14602499999999996,normal
2,Kanto_009,Child_011967,Child_011967-II,1,0.6885110115645179,0.8345360115645178,0.14602499999999996,normal
2,Kanto_075,Kanto_075-II,Kanto_075-III,2,0.6474779308807997,0.8067779308807997,0.1593,normal
2,Kanto_055,Child_050594,Child_050594-II,1,0.5857825849779746,0.7318075849779746,0.14602499999999996,normal
2,Kanto_040,Child_006537,Child_006537-II,1,0.7393156060914157,0.8926418560914158,0.1533262500000001,normal
2,Kanto_068,Child_052330,Child_052330-II,1,0.6551542932359858,0.8185042932359858,0.16335,normal
2,Kanto_011,Kanto_011-II,Kanto_011-III,2,0.716698041681537,0.8686490325603887,0.15195099087885178,normal
2,Kanto_016,Child_020031,Child_020031-II,1,0.6877721316458945,0.8337971316458944,0.14602499999999996,normal
2,Kanto_069,Child_038812,Child_038812-II,1,0.8002527194343806,0.9644789770292695,0.16422625759488896,normal
2,Kanto_039,Child_070031,Child_070031-II,1,0.5951360555917298,0.7584860555917298,0.16335,normal
2,Kanto_046,Child_050816,Child_050816-II,1,0.693416287333937,0.839441287333937,0.14602499999999996,normal
2,Kanto_020,Kanto_020-II,Kanto_020-III,2,0.7267567119272492,0.8429917119272492,0.11623499999999998,normal
2,Kanto_057,Child_082081,Child_082081-II,1,0.7272161999741499,0.9187811999741499,0.19156499999999999,normal
2,Kanto_042,Child_085076,Child_085076-II,1,0.6959000901940577,0.8419250901940578,0.14602500000000007,normal
2,Kanto_075,Child_068754,Child_068754-II,1,0.5044033553838067,0.6504283553838066,0.14602499999999996,normal
2,Kanto_005,Child_051062,Child_051062-II,1,0.5938033485012508,0.7398283485012508,0.14602499999999996,normal
2,Kanto_047,Child_073445,Child_073445-II,1,0.5163472936208235,0.6696735436208235,0.15332625,normal
2,Kanto_059,Child_076229,Child_076229-II,1,0.5736429236529937,0.7196679236529937,0.14602499999999996,normal
2,Kanto_009,Child_001362,Child_001362-II,1,0.5428228851560118,0.6888478851560119,0.14602500000000007,normal
2,Kanto_011,Child_016046,Child_016046-II,1,0.69712220772744,0.84314720772744,0.14602499999999996,normal
2,Kanto_074,Child_015647,Child_015647-II,1,0.6013265078913321,0.7473515078913321,0.14602499999999996,normal
2,Kanto_003,Child_042175,Child_042175-II,1,0.7680044534635996,0.9213307034635996,0.15332625,normal
2,Kanto_055,Child_000805,Child_000805-II,1,0.5055084450362939,0.651533445036294,0.14602500000000007,normal
2,Kanto_015,Child_062388,Child_062388-II,1,0.7097797639081964,0.9013447639081964,0.19156499999999999,normal
2,Kanto_026,Child_048653,Child_048653-II,1,0.5701849516041143,0.7235112016041144,0.1533262500000001,normal
2,Kanto_079,Child_048009,Child_048009-II,1,0.7142947356277587,0.9058597356277587,0.19156499999999999,normal
2,Kanto_075,Child_050559,Child_050559-II,1,0.5061443494099437,0.6521693494099436,0.14602499999999996,normal
2,Kanto_003,Child_097514,Child_097514-II,1,0.7264590517808845,0.8797853017808847,0.1533262500000001,normal
2,Kanto_036,Child_059882,Child_059882-II,1,0.5374151794367735,0.6834401794367735,0.14602499999999996,normal
2,Kanto_063,Child_067367,Child_067367-II,1,0.7850171664521978,0.9765821664521976,0.19156499999999987,normal
2,Kanto_007,Child_024677,Child_024677-II,1,0.5078403875789873,0.6538653875789874,0.14602500000000007,normal
2,Kanto_040,Child_052304,Child_052304-II,1,0.6087803972898813,0.7721303972898813,0.16335,normal
2,Kanto_027,Child_030088,Child_030088-II,1,0.5108659597984928,0.6568909597984928,0.14602499999999996,normal
2,Kanto_026,Child_049830,Child_049830-II,1,0.7180205334917352,0.8713467834917352,0.15332625,normal
2,Kanto_066,Child_082476,Child_082476-II,1,0.6418558399544605,0.7878808399544606,0.14602500000000007,normal
2,Kanto_040,Child_095385,Child_095385-II,1,0.6303469852362724,0.7936969852362724,0.16335,normal
2,Kanto_047,Child_088349,Child_088349-II,1,0.6886216979025984,0.8519716979025985,0.1633500000000001,normal
2,Kanto_042,Child_062167,Child_062167-II,1,0.6263921812950336,0.7797184312950336,0.15332625,normal
2,Kanto_015,Child_053473,Child_053473-II,1,0.6700043007825041,0.8160293007825041,0.14602500000000007,normal
2,Kanto_074,Child_052040,Child_052040-II,1,0.5212134438018915,0.6672384438018915,0.14602499999999996,normal
2,Kanto_026,Child_056990,Child_056990-II,1,0.6493140447929656,0.8026402947929655,0.1533262499999999,normal
2,Kanto_040,Child_053729,Child_053729-II,1,0.7869169549744944,0.9215503825154157,0.13463342754092122,normal
2,Kanto_055,Child_062564,Child_062564-II,1,0.6546023417277204,0.8006273417277204,0.14602500000000007,normal
2,Kanto_034,Child_024404,Child_024404-II,1,0.5014960518755046,0.6475210518755046,0.14602499999999996,normal
2,Kanto_079,Child_093132,Child_093132-II,1,0.6294493428771837,0.8210143428771838,0.1915650000000001,normal
2,Kanto_074,Child_018519,Child_018519-II,1,0.6543011456748675,0.8003261456748675,0.14602499999999996,normal
2,Kanto_040,Child_007482,Child_007482-II,1,0.7305131446819445,0.9141624657642591,0.18364932108231458,normal
2,Kanto_079,Child_099847,Child_099847-II,1,0.7149007218475059,0.9064657218475056,0.19156499999999976,normal
2,Kanto_021,Child_010856,Child_010856-II,1,0.6666863734608575,0.8127113734608575,0.14602500000000007,normal
2,Kanto_064,Child_035081,Child_035081-II,1,0.719009163216348,0.910574163216348,0.19156499999999999,normal
2,Kanto_077,Child_009880,Child_009880-II,1,0.6175663291585705,0.7708925791585706,0.1533262500000001,normal
2,Kanto_063,Child_038505,Child_038505-II,1,0.759906883109683,0.9232568831096831,0.1633500000000001,normal
2,Kanto_016,Child_032005,Child_032005-II,1,0.7459388177045476,0.8992650677045476,0.15332625,normal
2,Kanto_039,Child_026754,Child_026754-II,1,0.7471247206817315,0.906544309127247,0.15941958844551551,normal
2,Kanto_039,Child_049807,Child_049807-II,1,0.7776345564172314,0.9309608064172313,0.1533262499999999,normal
2,Kanto_034,Child_067410,Child_067410-II,1,0.5311238466964356,0.6944738466964355,0.16334999999999988,normal
2,Kanto_046,Child_077273,Child_077273-II,1,0.7248570229004848,0.8681913049647347,0.14333428206424992,normal
3,ROUGE,ROUGE-III,ROUGE-IV,3,1.013175,1.08,0.06682500000000013,normal
3,Kanto_063,Kanto_063-III,Kanto_063-IV,3,0.9856245162476053,1.0414335162476052,0.055808999999999886,normal
3,Kanto_040,Kanto_040-III,Kanto_040-IV,3,0.9807937369407536,1.0366027369407536,0.055809,normal
3,Kanto_055,Child_094751,Child_094751-II,1,0.7235153523925941,0.8850469457960735,0.16153159340347933,normal
3,Kanto_009,Child_068661,Child_068661-II,1,0.5959664093396212,0.7419914093396212,0.14602499999999996,normal
3,Kanto_003,Child_056964,Child_056964-II,1,0.7339201824451097,0.8799451824451096,0.14602499999999985,normal
3,Kanto_079,Child_011334,Child_011334-II,1,0.7727697991324411,0.9187947991324412,0.14602500000000007,normal
3,Kanto_063,Child_028509,Child_028509-II,1,0.8117021085328677,0.9481465593047438,0.13644445077187606,normal
3,Kanto_005,Child_063946,Child_063946-II,1,0.6218982219588631,0.7679232219588631,0.14602499999999996,normal
3,Kanto_046,Child_044938,Child_044938-II,1,0.8039971062957711,0.9460752381462828,0.14207813185051166,normal
3,Kanto_039,Child_027574,Child_027574-II,1,0.9040128587849582,1.0,0.09598714121504182,normal
3,Kanto_009,Child_045776,Child_045776-II,1,0.6878531944153156,0.8338781944153155,0.14602499999999996,normal
3,Kanto_063,Child_089879,Child_089879-II,1,0.8942802645653196,1.0451968827395481,0.15091661817422852,normal
3,Kanto_039,Child_035586,Child_035586-II,1,0.8459657614580679,0.9606993864403366,0.11473362498226869,normal
3,Kanto_009,Child_059782,Child_059782-II,1,0.5521769998340803,0.6982019998340805,0.14602500000000018,normal
3,Kanto_039,Child_049807-II,Child_049807-III,2,0.9309608064172313,1.05,0.11903919358276871,normal
3,Kanto_079,Child_009382,Child_009382-II,1,0.9049103905240625,1.0091605198218947,0.10425012929783217,normal
3,Kanto_055,Child_000805-II,Child_000805-III,2,0.637277028252961,0.7965770282529608,0.1592999999999999,normal
3,Kanto_075,Child_007409,Child_007409-II,1,0.80361225015793,0.947979801548772,0.144367551390842,normal
3,Kanto_039,Child_030953,Child_030953-II,1,0.8815927415166107,0.9976394218597926,0.11604668034318188,normal
3,Kanto_020,Kanto_020-III,Kanto_020-IV,3,0.8350001690856578,0.9609214190856579,0.1259212500000001,normal
3,Kanto_040,Child_079492,Child_079492-II,1,0.9617836351340224,1.0332687981476247,0.0714851630136023,normal
3,Kanto_009,Child_025012,Child_025012-II,1,0.8345360115645178,0.9385418984304295,0.10400588686591161,normal
3,Kanto_046,Child_062604,Child_062604-II,1,0.8205820126477188,0.9515231197185807,0.13094110707086193,normal
3,ROUGE,Child_006901,ROUGE-II,1,0.8313967953820048,0.9829429925564628,0.15154619717445794,normal
3,Kanto_004,Child_016533,Child_016533-II,1,0.788624759913493,0.9346497599134929,0.14602499999999985,normal
3,Kanto_057,Child_042952,Child_042952-II,1,0.8646916031659595,0.9672776380883035,0.10258603492234397,normal
3,Kanto_003,Child_059601,Child_059601-II,1,0.7897253491599378,0.9530753491599377,0.16335,normal
3,Kanto_040,Child_079009,Child_079009-II,1,0.546264721725836,0.6922897217258361,0.14602500000000018,normal
3,Kanto_007,Child_024677-II,Child_024677-III,2,0.6538653875789874,0.8131653875789873,0.1592999999999999,normal
3,Kanto_079,Child_063670,Child_063670-II,1,0.8041878944366208,0.9553952639603396,0.15120736952371883,normal
3,Kanto_040,Child_069772,Child_069772-II,1,0.682788899910542,0.828813899910542,0.14602499999999996,normal
3,Kanto_003,Child_088877,Child_088877-II,1,0.7069349614246518,0.8984999614246519,0.1915650000000001,normal
3,Kanto_057,Child_001123,Child_001123-II,1,0.9178296176396732,1.0109414056567938,0.09311178801712061,normal
3,Kanto_014,Child_071754,Child_071754-II,1,0.5271581439259181,0.7187231439259181,0.19156499999999999,normal
3,Kanto_064,Child_071392,Child_071392-II,1,0.8892366274335627,1.0122545981029842,0.12301797066942155,normal
3,Kanto_079,Child_093132-II,Child_093132-III,2,0.8335328893879586,1.0088528197098785,0.17531993032191995,normal
3,Kanto_003,Child_042175-II,Child_042175-III,2,0.9388253758949314,1.049480402663061,0.11065502676812966,normal
3,Kanto_036,Child_010197,Child_010197-II,1,0.5398199242450935,0.7031699242450935,0.16335,normal
3,Kanto_009,Child_016712,Child_016712-II,1,0.8161262007524281,0.947308383967948,0.1311821832155199,normal
3,Kanto_040,Child_067902,Child_067902-II,1,0.9646701412320058,1.0493839082062302,0.08471376697422439,normal
3,Kanto_003,Child_060062,Child_060062-II,1,0.7713622277604412,0.9173872277604411,0.14602499999999996,normal
3,Kanto_063,Child_023634,Child_023634-II,1,0.8075536115626936,0.9850935722208398,0.17753996065814626,normal
3,Kanto_040,Child_095385-II,Child_095385-III,2,0.7936969852362724,0.9718969852362724,0.17820000000000003,normal
3,Kanto_020,Kanto_020-IV,Kanto_020-V,4,0.9609214190856579,1.0239362648969308,0.06301484581127292,normal
3,Kanto_011,Child_027964,Child_027964-II,1,0.7871004438396627,0.9260082312496388,0.1389077874099761,normal
3,Kanto_064,Child_056669,Child_056669-II,1,0.8468749894935563,0.9499637158242132,0.10308872633065691,normal
3,Kanto_015,Child_002030,Child_002030-II,1,0.9010310733628253,1.0241009746183214,0.1230699012554961,normal
3,Kanto_046,Child_072532,Child_072532-II,1,0.8671013227541117,0.968135670589175,0.10103434783506338,normal
3,Kanto_021,Child_005644,Child_005644-II,1,0.8065954540612355,0.9618713502063521,0.1552758961451166,normal
3,Kanto_074,Child_018519-II,Child_018519-III,2,0.8003261456748675,0.9308514869336395,0.13052534125877202,normal
3,Kanto_063,Child_063864,Child_063864-II,1,0.6712327276794448,0.8172577276794447,0.14602499999999996,normal
3,Kanto_011,Child_052360,Child_052360-II,1,0.7928933447797097,0.9362922883446401,0.14339894356493033,normal
3,Kanto_046,Child_080377,Child_080377-II,1,0.8620906358351003,0.968615709227759,0.10652507339265871,normal
3,Kanto_063,Child_017983,Child_017983-II,1,0.9171248028457895,1.0532144486070099,0.1360896457612204,normal
3,Kanto_039,Child_070031-II,Child_070031-III,2,0.7584860555917298,0.9238471447188525,0.16536108912712277,normal
3,Kanto_079,Child_048415,Child_048415-II,1,0.9037774603658599,0.9937585679144229,0.08998110754856292,normal
3,Kanto_039,Child_039423,Child_039423-II,1,0.8762887757726663,0.9839817639528339,0.10769298818016759,normal
3,Kanto_040,Child_044902,Child_044902-II,1,0.7037943340456451,0.8571205840456452,0.1533262500000001,normal
3,Kanto_063,Child_060130,Child_060130-II,1,0.7836294395304837,0.9751944395304837,0.19156499999999999,normal
3,Kanto_074,Child_070845,Child_070845-II,1,0.780779962994501,0.925853636479844,0.14507367348534295,normal
3,Kanto_042,Child_062167-II,Child_062167-III,2,0.7797184312950336,0.929616389404357,0.14989795810932338,normal
3,Kanto_003,Child_056884,Child_056884-II,1,0.9344619080726198,1.0469510762407575,0.1124891681681377,normal
3,Kanto_039,Child_083246,Child_083246-II,1,0.8611867192095434,0.9806526596238384,0.11946594041429504,normal
3,Kanto_004,Child_090076,Child_090076-II,1,0.6946745292638195,0.8580245292638194,0.16335,normal
3,Kanto_040,Child_053729-II,Child_053729-III,2,0.9215503825154157,0.9716353825154158,0.05008500000000016,normal
3,Kanto_079,Child_075744,Child_075744-II,1,0.9172146507175323,1.048899526134057,0.13168487541652474,normal
3,Kanto_026,Child_047989,Child_047989-II,1,0.8739930627638387,0.9940398403873573,0.12004677762351856,normal
3,Kanto_063,Child_045093,Child_045093-II,1,0.982885855622542,1.0708427515323793,0.08795689590983724,normal
3,Kanto_046,Child_003011,Child_003011-II,1,0.7859919067366367,0.9320169067366366,0.14602499999999996,normal
3,Kanto_040,Child_002726,Child_002726-II,1,0.8944837095855829,1.0108997373598163,0.11641602777423343,normal
3,Kanto_040,Child_051244,Child_051244-II,1,0.8528411190563565,1.0341914570374537,0.18135033798109723,normal
3,Kanto_003,Child_091891,Child_091891-II,1,0.8766156365077529,1.0295679605836106,0.15295232407585768,normal
3,Kanto_003,Child_067262,Child_067262-II,1,0.8413863541180266,0.9947126041180268,0.1533262500000001,normal
3,Kanto_042,Child_053035,Child_053035-II,1,0.7179685079563893,0.8639935079563894,0.14602500000000007,normal
4,ROUGE,ROUGE-IV,ROUGE-V,4,1.08,1.08,0.0,normal
4,Kanto_063,Child_045093-II,Child_045093-III,2,1.0708427515323793,1.08,0.009157248467620782,normal
4,Kanto_063,Child_017983-II,Child_017983-III,2,1.0532144486070099,1.07362644860701,0.020412000000000097,normal
4,Kanto_063,Child_055846,Child_055846-II,1,0.9178064560023073,1.0525792692913765,0.1347728132890692,normal
4,Kanto_064,Child_059629,Child_059629-II,1,0.823654266559988,0.9730134111409501,0.1493591445809621,normal
4,Kanto_040,Child_071599,Child_071599-II,1,0.9255965107048494,1.0,0.07440348929515062,normal
4,Kanto_003,Child_068558,Child_068558-II,1,1.031740664096252,1.0773421416088096,0.0456014775125575,normal
4,Kanto_040,Child_041407,Child_041407-II,1,0.9624073260320687,1.0,0.03759267396793131,normal
4,Kanto_040,Child_056679,Child_056679-II,1,0.969884910274617,1.0,0.030115089725383015,normal
4,Kanto_040,Child_095604,Child_095604-II,1,1.0009534751310256,1.0464582883880373,0.04550481325701172,normal
4,Kanto_003,Child_073307,Child_073307-II,1,0.9904525706359611,1.0,0.00954742936403885,normal
4,Kanto_003,Child_046860,Child_046860-II,1,0.9727936114875018,1.0,0.027206388512498236,normal
4,Kanto_039,Child_095436,Child_095436-II,1,0.9821068476698058,1.0,0.017893152330194173,normal
4,Kanto_039,Child_079489,Child_079489-II,1,0.9023791432035583,1.0,0.09762085679644172,normal
4,Kanto_063,Child_047089,Child_047089-II,1,0.953667094278274,0.9836832661246058,0.030016171846331763,normal
4,Kanto_004,Child_090076-II,Child_090076-III,2,0.8690585933490033,0.9959730187046061,0.12691442535560282,normal
4,Kanto_040,Child_074464,Child_074464-II,1,1.0368014144433022,1.077607432881042,0.0408060184377399,normal
4,Kanto_021,Child_093582,Child_093582-II,1,0.8934345906048323,0.9951344011054629,0.1016998105006306,normal
4,Kanto_040,Child_009337,Child_009337-II,1,0.9219215932671215,1.068293339781986,0.1463717465148645,normal
4,ROUGE,Child_072629,ROUGE-II,1,0.9500387789976983,1.0,0.049961221002301714,normal
4,Kanto_040,Child_095385-III,Child_095385-IV,3,0.9718969852362724,1.0,0.028103014763727563,normal
4,Kanto_063,Child_004499,Child_004499-II,1,1.0443777708178625,1.0659441381540344,0.0215663673361719,normal
4,Kanto_040,Child_070314,Child_070314-II,1,0.9756161403000125,1.0475574577036637,0.07194131740365117,normal
4,Kanto_039,Child_059619,Child_059619-II,1,0.7538734781985266,0.9152970511974166,0.16142357299888999,normal
4,Kanto_003,Child_048025,Child_048025-II,1,0.9689456987989681,0.9956211112275064,0.026675412428538325,normal
4,Kanto_046,Child_003011-II,Child_003011-III,2,0.9179940137086386,0.9828093749369871,0.06481536122834841,normal
4,Kanto_079,Child_057822,Child_057822-II,1,0.8904366763883451,0.9839109565692759,0.09347428018093074,normal
4,Kanto_040,Child_017884,Child_017884-II,1,0.8554839763152644,0.9658618967526336,0.11037792043736916,normal
4,ROUGE,ROUGE-II,ROUGE-III,2,0.9829429925564628,1.033027992556463,0.05008500000000016,normal
4,Kanto_015,Child_039124,Child_039124-II,1,1.0151516357540555,1.0623746357540558,0.04722300000000024,normal
4,Kanto_055,Child_094751-II,Child_094751-III,2,0.8811803618827863,0.9889082715487394,0.10772790966595314,normal
4,Kanto_079,Child_038882,Child_038882-II,1,1.0422203447492722,1.08,0.037779655250727906,normal
4,Kanto_046,Child_072532-II,Child_072532-III,2,0.968135670589175,1.0,0.031864329410824954,normal
4,Kanto_079,Child_049817,Child_049817-II,1,0.9111388073197585,0.9777566624044995,0.06661785508474105,normal
4,Kanto_026,Child_047989-II,Child_047989-III,2,0.9941912192620594,1.0471963690260795,0.05300514976402004,normal
4,Kanto_057,Child_042952-II,Child_042952-III,2,0.937217993860221,0.9987156312888363,0.06149763742861536,normal
4,Kanto_046,Child_068321,Child_068321-II,1,0.8957927156502161,0.9826179973278454,0.08682528167762926,normal
4,Kanto_074,Child_079545,Child_079545-II,1,0.7225478323083008,0.8840474535673062,0.1614996212590054,normal
4,Kanto_046,Child_054370,Child_054370-II,1,0.968135670589175,0.9988447577392228,0.03070908715004772,normal
4,Kanto_039,Child_027486,Child_027486-II,1,0.9627274633228153,1.0,0.037272536677184664,normal
4,Kanto_009,Child_016712-II,Child_016712-III,2,0.947308383967948,0.9899307839965927,0.0426224000286447,normal
4,Kanto_040,Child_034293,Child_034293-II,1,1.0406254892991884,1.0762062053146182,0.03558071601542978,normal
4,Kanto_020,Child_059885,Child_059885-II,1,0.9521912198020656,1.0,0.04780878019793444,normal
4,Kanto_057,Child_097614,Child_097614-II,1,1.01059879807949,1.0671938326772705,0.05659503459778059,normal
4,Kanto_040,Child_018707,Child_018707-II,1,0.9605601664446696,0.999454635233357,0.03889446878868741,normal
4,ROUGE,Child_042855,ROUGE-II,1,0.8554230983577829,0.997911784321944,0.1424886859641612,normal
4,Kanto_040,Child_051244-II,Child_051244-III,2,1.0112115330848979,1.065974441826143,0.05476290874124512,normal
4,Kanto_079,Child_042305,Child_042305-II,1,0.9124257727977461,0.9814094177717663,0.06898364497402021,normal
4,Kanto_011,Child_065329,Child_065329-II,1,0.9350913543249333,0.989922247982197,0.05483089365726368,normal
4,Kanto_079,Child_084949,Child_084949-II,1,0.9421928951083369,1.0,0.057807104891663075,normal
4,Kanto_003,Child_008959,Child_008959-II,1,1.0757131068739472,1.08,0.004286893126052904,normal
4,Kanto_040,Child_099149,Child_099149-II,1,1.0517424453007163,1.08,0.028257554699283816,normal
4,Kanto_063,Child_089879-II,Child_089879-III,2,1.0451968827395481,1.0678008296080683,0.022603946868520186,normal
4,Kanto_003,Child_036815,Child_036815-II,1,0.9800226688582795,1.0447962315393204,0.06477356268104095,normal
4,Kanto_079,Child_004653,Child_004653-II,1,0.8119437100080751,0.9965551631267352,0.18461145311866012,normal
4,Kanto_046,Child_080377-II,Child_080377-III,2,0.968615709227759,0.9995643721329632,0.03094866290520426,normal
4,Kanto_063,Child_049484,Child_049484-II,1,0.8230396331552181,0.9690646331552182,0.14602500000000007,normal
4,Kanto_063,Child_093897,Child_093897-II,1,1.011223037798049,1.0347294413942791,0.02350640359623024,normal
4,Kanto_003,Child_056146,Child_056146-II,1,1.0048761928721093,1.0484395931711987,0.04356340029908945,normal
4,Kanto_015,Child_002030-II,Child_002030-III,2,1.0330896761056525,1.0775541157772932,0.04446443967164071,normal
4,Kanto_040,Child_097634,Child_097634-II,1,1.0108797195933144,1.05,0.03912028040668569,normal
4,Kanto_079,Child_062304,Child_062304-II,1,1.019195172936102,1.05,0.030804827063898088,normal
4,Kanto_015,Child_098693,Child_098693-II,1,1.0205829239815492,1.0733431103750868,0.052760186393537634,normal
4,Kanto_079,Child_085599,Child_085599-II,1,0.9387258296570433,0.9978606616951946,0.059134832038151286,normal
4,Kanto_040,Child_083008,Child_083008-II,1,1.0606096923620227,1.08,0.019390307637977333,normal
4,Kanto_039,Child_039423-II,Child_039423-III,2,0.9839817639528339,1.0,0.016018236047166123,normal
4,Kanto_020,Child_052235,Child_052235-II,1,1.0269300498678338,1.05,0.023069950132166284,normal
4,Kanto_003,Child_077307,Child_077307-II,1,0.8739614196568631,0.9963239787067861,0.12236255904992299,normal
4,Kanto_015,Child_002030-III,Child_002030-IV,3,1.0775541157772932,1.08,0.0024458842227068622,normal
4,Kanto_026,Child_010763,Child_010763-II,1,0.9881861538585714,1.0407395521521223,0.05255339829355088,normal
4,Kanto_003,Child_082678,Child_082678-II,1,0.8236190500616563,0.9639716790380507,0.14035262897639444,normal
4,Kanto_026,Child_014929,Child_014929-II,1,0.9983579543067531,1.0487965043414882,0.050438550034735075,normal
4,Kanto_079,Child_035432,Child_035432-II,1,0.9856592139717403,1.0543937466148199,0.0687345326430796,normal
4,Kanto_040,Child_003151,Child_003151-II,1,0.9537060993770059,0.9960173267970196,0.0423112274200137,normal
4,Kanto_039,Child_056182,Child_056182-II,1,0.9652026195013876,1.0,0.03479738049861236,normal
4,Kanto_040,Child_016545,Child_016545-II,1,0.8981228435336507,1.0173278830337624,0.11920503950011174,normal
4,Kanto_063,Child_030768,Child_030768-II,1,1.0243015152739072,1.0725417570470563,0.04824024177314912,normal
4,Kanto_040,Child_054110,Child_054110-II,1,0.9261209888855358,0.9874169597612751,0.061295970875739236,normal
4,Kanto_003,Child_080717,Child_080717-II,1,0.9405765235226856,0.9989125634983627,0.058336039975677045,normal
5,ROUGE,ROUGE-V,ROUGE-OMEGA,5,1.08,1.08,0.0,normal
5,Kanto_063,Child_045093-III,Child_045093-IV,3,1.08,1.08,0.0,normal
5,Kanto_079,Child_038882-II,Child_038882-III,2,1.08,1.08,0.0,normal
5,Kanto_026,Child_080430,Child_080430-II,1,0.9984768351399822,1.0,0.0015231648600178005,normal
5,Kanto_015,Child_016609,Child_016609-II,1,0.9657557531470433,1.0,0.03424424685295668,normal
5,Kanto_003,Child_050520,Child_050520-II,1,0.9775024027505119,1.0,0.022497597249488077,normal
5,Kanto_063,Child_093897-II,Child_093897-III,2,1.0347294413942791,1.05,0.015270558605720908,normal
5,Kanto_039,Child_095436-II,Child_095436-III,2,1.0,1.0,0.0,normal
5,Kanto_003,Child_084921,Child_084921-II,1,0.9517237466861067,1.0,0.04827625331389329,normal
5,Kanto_079,Child_071766,Child_071766-II,1,0.885491389544215,0.9941050826322491,0.10861369308803404,normal
5,Kanto_063,Child_018894,Child_018894-II,1,1.0125160495202863,1.05,0.03748395047971376,normal
5,Kanto_063,Child_049432,Child_049432-II,1,1.065339398108442,1.08,0.014660601891558045,normal
5,Kanto_003,Child_009281,Child_009281-II,1,0.9962964070575532,1.0,0.0037035929424468206,normal
5,Kanto_026,Child_060622,Child_060622-II,1,0.9241577416759755,1.0,0.07584225832402447,normal
5,Kanto_079,Child_051553,Child_051553-II,1,0.9814094177717663,1.0,0.018590582228233732,normal
5,Kanto_040,Child_096535,Child_096535-II,1,0.9776787460868588,1.0,0.022321253913141215,normal
5,ROUGE,Child_073797,ROUGE-II,1,0.973984110170018,1.0,0.026015889829982042,normal
5,Kanto_063,Child_054634,Child_054634-II,1,0.9910799725209387,1.0,0.008920027479061288,normal
5,Kanto_009,Child_016712-III,Child_016712-IV,3,0.9899307839965927,1.0,0.010069216003407266,normal
5,Kanto_063,Child_045093-IV,Child_045093-V,4,1.08,1.08,0.0,normal
5,Kanto_063,Child_050089,Child_050089-II,1,1.0765680887527214,1.08,0.0034319112472787072,normal
5,Kanto_040,Child_067148,Child_067148-II,1,1.0684223994404514,1.08,0.011577600559548706,normal
5,Kanto_015,Child_019824,Child_019824-II,1,1.0606121034004918,1.08,0.019387896599508236,normal
5,Kanto_040,Child_072486,Child_072486-II,1,0.9809442032812701,1.0,0.019055796718729923,normal
5,Kanto_063,Child_029839,Child_029839-II,1,1.039806439623308,1.05,0.010193560376692057,normal
5,Kanto_040,Child_064109,Child_064109-II,1,1.0585608680197554,1.08,0.02143913198024472,normal
5,Kanto_003,Child_053694,Child_053694-II,1,1.0466493063637605,1.05,0.003350693636239521,normal
5,Kanto_063,Child_038038,Child_038038-II,1,0.9330393520031373,1.0,0.06696064799686274,normal
5,Kanto_063,Child_005140,Child_005140-II,1,0.9920452410644489,1.0,0.007954758935551087,normal
5,Kanto_015,Child_098693-II,Child_098693-III,2,1.0733431103750868,1.08,0.006656889624913287,normal
5,Kanto_026,Child_040810,Child_040810-II,1,0.9916508373789634,1.0,0.008349162621036577,normal
5,Kanto_040,Child_018022,Child_018022-II,1,0.9786040573086725,1.0,0.021395942691327496,normal
5,Kanto_057,Child_004675,Child_004675-II,1,1.0238702501518289,1.08,0.056129749848171206,normal
5,Kanto_079,Child_049817-II,Child_049817-III,2,0.9714294891807045,1.0,0.028570510819295514,normal
5,Kanto_057,Child_064899,Child_064899-II,1,1.0465372457411306,1.05,0.0034627542588694382,normal
5,Kanto_003,Child_018652,Child_018652-II,1,0.9891694079309772,1.0,0.010830592069022815,normal
5,Kanto_063,Child_038662,Child_038662-II,1,0.9722175722183642,1.0,0.027782427781635755,normal
5,Kanto_015,Child_018075,Child_018075-II,1,1.0478856726488803,1.05,0.002114327351119716,normal
5,Kanto_015,Child_098230,Child_098230-II,1,0.9970109179847935,1.0,0.0029890820152065345,normal
5,Kanto_040,Child_054731,Child_054731-II,1,1.0630433036822773,1.08,0.016956696317722786,normal
5,Kanto_040,Child_060764,Child_060764-II,1,1.0366180788452402,1.05,0.01338192115475989,normal
5,Kanto_039,Child_021920,Child_021920-II,1,0.9918237109526684,1.0,0.008176289047331586,normal
5,Kanto_015,Child_028097,Child_028097-II,1,1.0497191519996756,1.05,0.0002808480003244629,normal
5,Kanto_039,Child_074775,Child_074775-II,1,1.0,1.0,0.0,normal
5,Kanto_003,Child_098526,Child_098526-II,1,0.9974394852164623,1.0,0.002560514783537693,normal
5,Kanto_003,Child_032793,Child_032793-II,1,1.0758125690759555,1.08,0.004187430924044611,normal
5,Kanto_040,Child_042185,Child_042185-II,1,1.0445408412289523,1.08,0.03545915877104777,normal
5,Kanto_063,Child_047823,Child_047823-II,1,0.9945266915510806,1.0,0.005473308448919356,normal
5,Kanto_040,Child_037409,Child_037409-II,1,0.9885185861074721,1.0,0.01148141389252788,normal
5,Kanto_003,Child_034741,Child_034741-II,1,0.9724463938465127,1.0,0.027553606153487342,normal
5,Kanto_063,Child_080896,Child_080896-II,1,1.0685522906348401,1.08,0.01144770936515993,normal
5,Kanto_003,Child_009775,Child_009775-II,1,1.044518509636354,1.05,0.00548149036364598,normal
5,Kanto_003,Child_069897,Child_069897-II,1,0.9932380682284856,1.0,0.006761931771514407,normal
5,Kanto_003,Child_066768,Child_066768-II,1,0.9981060945904123,1.0,0.0018939054095876706,normal
5,ROUGE,Child_015583,ROUGE-II,1,1.0798295338422133,1.08,0.0001704661577868194,normal
5,Kanto_063,Child_099450,Child_099450-II,1,1.0539615200957493,1.08,0.02603847990425079,normal
5,Kanto_040,Child_030089,Child_030089-II,1,1.0633492018369621,1.08,0.01665079816303794,normal
5,Kanto_040,Child_067259,Child_067259-II,1,1.0272966537721329,1.0485383399404649,0.021241686168331997,normal
5,Kanto_004,Child_090076-III,Child_090076-IV,3,0.9959730187046061,1.0,0.004026981295393917,normal
5,Kanto_003,Child_007767,Child_007767-II,1,0.9928109049288287,1.0,0.00718909507117127,normal
5,Kanto_039,Child_083913,Child_083913-II,1,0.989291305888931,1.0,0.010708694111069006,normal
5,Kanto_003,Child_092967,Child_092967-II,1,1.0695312374633135,1.08,0.010468762536686604,normal
5,ROUGE,Child_048969,ROUGE-II,1,1.0778747456011082,1.08,0.002125254398891885,normal
5,Kanto_063,Child_004499-II,Child_004499-III,2,1.0659441381540344,1.08,0.014055861845965634,normal
5,Kanto_040,Child_098937,Child_098937-II,1,0.9919988901281382,1.0,0.008001109871861756,normal
5,Kanto_015,Child_071653,Child_071653-II,1,1.053745039275028,1.08,0.02625496072497202,normal
5,Kanto_057,Child_065524,Child_065524-II,1,0.992189600266959,1.0,0.007810399733040985,normal
5,Kanto_063,Child_026775,Child_026775-II,1,1.0616385822217744,1.08,0.01836141777822564,normal
5,Kanto_055,Child_049029,Child_049029-II,1,0.9544238481300737,1.0,0.04557615186992625,normal
5,Kanto_063,Child_017595,Child_017595-II,1,0.8204666208186808,1.0120316208186808,0.19156499999999999,normal
5,Kanto_046,Child_023838,Child_023838-II,1,0.621263612363337,0.7672886123633371,0.14602500000000007,normal
5,Kanto_040,Child_009411,Child_009411-II,1,1.0458670200413442,1.05,0.0041329799586558025,normal
5,Kanto_046,Child_044471,Child_044471-II,1,0.9998133856711724,1.0,0.00018661432882760565,normal
5,Kanto_040,Child_019930,Child_019930-II,1,1.074255894373739,1.08,0.005744105626261042,normal
5,Kanto_079,Child_012188,Child_012188-II,1,1.0439259781856403,1.08,0.036074021814359813,normal
5,Kanto_040,Child_002260,Child_002260-II,1,0.9999699840472356,1.0,3.0015952764417264e-05,normal
5,Kanto_011,Child_065329-II,Child_065329-III,2,0.9665096612042432,1.0,0.0334903387957568,normal
5,Kanto_040,Child_047849,Child_047849-II,1,1.0763302395086014,1.08,0.003669760491398666,normal
5,Kanto_015,Child_055730,Child_055730-II,1,1.08,1.08,0.0,normal
5,Kanto_079,Child_036872,Child_036872-II,1,1.0743390956303713,1.08,0.005660904369628739,normal
6,Kanto_063,Child_045093-V,Child_045093-OMEGA,5,1.08,1.08,0.0,normal
6,Kanto_079,Child_038882-III,Child_038882-IV,3,1.08,1.08,0.0,normal
6,Kanto_063,Child_088205,Child_088205-II,1,1.0,1.0,0.0,normal
6,Kanto_003,Child_001641,Child_001641-II,1,0.9969872832230307,1.0,0.0030127167769693486,normal
6,Kanto_015,Child_020964,Child_020964-II,1,1.0,1.0,0.0,normal
6,Kanto_079,Child_021272,Child_021272-II,1,1.0,1.0,0.0,normal
6,Kanto_003,Child_012754,Child_012754-II,1,1.0,1.0,0.0,normal
6,Kanto_040,Child_038501,Child_038501-II,1,1.08,1.08,0.0,normal
6,Kanto_003,Child_034662,Child_034662-II,1,1.0,1.0,0.0,normal
6,Kanto_040,Child_083676,Child_083676-II,1,1.08,1.08,0.0,normal
6,Kanto_040,Child_060885,Child_060885-II,1,1.0,1.0,0.0,normal
6,Kanto_063,Child_039321,Child_039321-II,1,1.08,1.08,0.0,normal
6,Kanto_015,Child_044117,Child_044117-II,1,1.0765357791123524,1.08,0.00346422088764764,normal
6,Kanto_003,Child_080413,Child_080413-II,1,1.0,1.0,0.0,normal
6,Kanto_040,Child_086292,Child_086292-II,1,1.08,1.08,0.0,normal
6,Kanto_063,Child_077833,Child_077833-II,1,1.0,1.0,0.0,normal
6,Kanto_063,Child_099400,Child_099400-II,1,1.08,1.08,0.0,normal
6,Kanto_063,Child_012233,Child_012233-II,1,1.0,1.0,0.0,normal
6,Kanto_063,Child_016458,Child_016458-II,1,1.08,1.08,0.0,normal
6,Kanto_063,Child_028542,Child_028542-II,1,1.08,1.08,0.0,normal
6,Kanto_063,Child_049432-II,Child_049432-III,2,1.08,1.08,0.0,normal
6,Kanto_015,Child_051822,Child_051822-II,1,1.08,1.08,0.0,normal
6,Kanto_079,Child_028876,Child_028876-II,1,1.0,1.0,0.0,normal
6,Kanto_003,Child_091370,Child_091370-II,1,1.0,1.0,0.0,normal
6,Kanto_063,Child_054628,Child_054628-II,1,1.0465033696372872,1.05,0.0034966303627128603,normal
6,Kanto_079,Child_046985,Child_046985-II,1,1.08,1.08,0.0,normal
6,Kanto_015,Child_089238,Child_089238-II,1,1.0,1.0,0.0,normal
6,Kanto_040,Child_058253,Child_058253-II,1,1.05,1.05,0.0,normal
6,Kanto_063,Child_036882,Child_036882-II,1,1.0,1.0,0.0,normal
6,Kanto_040,Child_002753,Child_002753-II,1,0.9935115911612351,1.0,0.006488408838764892,normal
6,Kanto_063,Child_043394,Child_043394-II,1,1.08,1.08,0.0,normal
6,Kanto_063,Child_028583,Child_028583-II,1,0.883924116370009,0.9862961363256728,0.1023720199556638,normal
6,ROUGE,Child_000637,ROUGE-II,1,1.0,1.0,0.0,normal
6,Kanto_063,Child_084374,Child_084374-II,1,1.05,1.05,0.0,normal
6,Kanto_063,Child_052243,Child_052243-II,1,0.9987986129134621,1.0,0.0012013870865379417,normal
6,Kanto_040,Child_036209,Child_036209-II,1,1.08,1.08,0.0,normal
6,Kanto_003,Child_066768-II,Child_066768-III,2,0.9741821111226809,1.0,0.025817888877319062,normal
6,Kanto_063,Child_052935,Child_052935-II,1,1.0,1.0,0.0,normal
6,Kanto_057,Child_093779,Child_093779-II,1,1.0,1.0,0.0,normal
6,Kanto_040,Child_053541,Child_053541-II,1,1.0,1.0,0.0,normal
6,Kanto_063,Child_020297,Child_020297-II,1,1.05,1.05,0.0,normal
6,Kanto_004,Child_000421,Child_000421-II,1,1.0,1.0,0.0,normal
6,Kanto_015,Child_009641,Child_009641-II,1,1.0,1.0,0.0,normal
6,Kanto_063,Child_043415,Child_043415-II,1,1.0,1.0,0.0,normal
6,Kanto_079,Child_056328,Child_056328-II,1,1.08,1.08,0.0,normal
6,Kanto_057,Child_092462,Child_092462-II,1,0.9980931761997138,1.0,0.0019068238002861726,normal
6,Kanto_040,Child_062996,Child_062996-II,1,1.08,1.08,0.0,normal
6,Kanto_057,Child_034635,Child_034635-II,1,0.9994305061565544,1.0,0.0005694938434456231,normal
6,Kanto_063,Child_083030,Child_083030-II,1,1.08,1.08,0.0,normal
6,Kanto_079,Child_065249,Child_065249-II,1,1.0,1.0,0.0,normal
6,Kanto_063,Child_029367,Child_029367-II,1,1.0,1.0,0.0,normal
6,Kanto_057,Child_022408,Child_022408-II,1,1.05,1.05,0.0,normal
6,Kanto_040,Child_003609,Child_003609-II,1,1.08,1.08,0.0,normal
6,Kanto_079,Child_076412,Child_076412-II,1,1.0,1.0,0.0,normal
6,Kanto_057,Child_029400,Child_029400-II,1,1.0,1.0,0.0,normal
6,Kanto_057,Child_090140,Child_090140-II,1,1.0795911116883643,1.08,0.0004088883116357689,normal
6,Kanto_040,Child_060600,Child_060600-II,1,1.0,1.0,0.0,normal
6,Kanto_003,Child_002412,Child_002412-II,1,1.08,1.08,0.0,normal
6,Kanto_040,Child_013409,Child_013409-II,1,0.968717792016925,1.0,0.03128220798307502,normal
6,Kanto_003,Child_069897-II,Child_069897-III,2,1.0,1.0,0.0,normal
6,Kanto_003,Child_065164,Child_065164-II,1,1.0,1.0,0.0,normal
6,ROUGE,Child_002776,ROUGE-II,1,1.08,1.08,0.0,normal
6,ROUGE,Child_037149,ROUGE-II,1,1.08,1.08,0.0,normal
6,Kanto_003,Child_053694-II,Child_053694-III,2,1.05,1.05,0.0,normal
6,ROUGE,Child_071060,ROUGE-II,1,1.0700841221114672,1.08,0.009915877888532876,normal
6,Kanto_040,Child_003971,Child_003971-II,1,1.08,1.08,0.0,normal
6,Kanto_063,Child_040070,Child_040070-II,1,1.08,1.08,0.0,normal
6,Kanto_015,Child_021997,Child_021997-II,1,1.08,1.08,0.0,normal
6,Kanto_063,Child_002826,Child_002826-II,1,1.08,1.08,0.0,normal
6,Kanto_063,Child_099592,Child_099592-II,1,1.08,1.08,0.0,normal
6,Kanto_040,Child_047849-II,Child_047849-III,2,1.08,1.08,0.0,normal
6,Kanto_003,Child_035033,Child_035033-II,1,1.0472428684118906,1.05,0.0027571315881094183,normal
6,Kanto_063,Child_014783,Child_014783-II,1,1.08,1.08,0.0,normal
6,Kanto_063,Child_000036,Child_000036-II,1,1.0,1.0,0.0,normal
6,Kanto_040,Child_075664,Child_075664-II,1,1.08,1.08,0.0,normal
6,Kanto_040,Child_013601,Child_013601-II,1,1.069295640486932,1.08,0.010704359513068029,normal
6,Kanto_015,Child_055244,Child_055244-II,1,1.0,1.0,0.0,normal
6,Kanto_039,Child_039319,Child_039319-II,1,1.0,1.0,0.0,normal
6,Kanto_040,Child_037409-II,Child_037409-III,2,1.0,1.0,0.0,normal
7,Kanto_079,Child_038882-IV,Child_038882-V,4,1.08,1.08,0.0,normal
7,Kanto_040,Child_065371,Child_065371-II,1,1.0,1.0,0.0,normal
7,Kanto_057,Child_092462-II,Child_092462-III,2,1.0,1.0,0.0,normal
7,Kanto_063,Child_083676,Child_083676-II,1,0.9998804634716214,1.0,0.0001195365283785943,normal
7,Kanto_057,Child_005903,Child_005903-II,1,1.0,1.0,0.0,normal
7,Kanto_079,Child_039299,Child_039299-II,1,1.08,1.08,0.0,normal
7,Kanto_040,Child_087406,Child_087406-II,1,1.08,1.08,0.0,normal
7,Kanto_015,Child_032669,Child_032669-II,1,0.9911020907990924,1.0,0.008897909200907606,normal
7,Kanto_063,Child_028542-II,Child_028542-III,2,1.08,1.08,0.0,normal
7,Kanto_063,Child_020021,Child_020021-II,1,1.047648812058715,1.08,0.032351187941285,normal
7,Kanto_003,Child_043542,Child_043542-II,1,0.9882409003866552,1.0,0.011759099613344759,normal
7,Kanto_063,Child_013718,Child_013718-II,1,1.0,1.0,0.0,normal
7,Kanto_063,Child_011889,Child_011889-II,1,1.08,1.08,0.0,normal
7,Kanto_063,Child_094645,Child_094645-II,1,1.08,1.08,0.0,normal
7,Kanto_003,Child_035033-II,Child_035033-III,2,1.05,1.05,0.0,normal
7,Kanto_063,Child_006098,Child_006098-II,1,1.08,1.08,0.0,normal
7,Kanto_063,Child_088483,Child_088483-II,1,1.0,1.0,0.0,normal
7,ROUGE,Child_005114,ROUGE-II,1,1.0,1.0,0.0,normal
7,Kanto_015,Child_052613,Child_052613-II,1,1.08,1.08,0.0,normal
7,Kanto_079,Child_059721,Child_059721-II,1,1.0,1.0,0.0,normal
7,Kanto_079,Child_017620,Child_017620-II,1,1.0698292786989798,1.08,0.010170721301020258,normal
7,Kanto_079,Child_059795,Child_059795-II,1,1.0,1.0,0.0,normal
7,Kanto_015,Child_086860,Child_086860-II,1,1.0,1.0,0.0,normal
7,Kanto_015,Child_034318,Child_034318-II,1,1.05,1.05,0.0,normal
7,Kanto_040,Child_033177,Child_033177-II,1,0.988037559755081,1.0,0.011962440244918993,normal
7,Kanto_015,Child_035722,Child_035722-II,1,1.08,1.08,0.0,normal
7,Kanto_015,Child_046946,Child_046946-II,1,1.08,1.08,0.0,normal
7,Kanto_057,Child_027233,Child_027233-II,1,1.0,1.0,0.0,normal
7,Kanto_063,Child_033687,Child_033687-II,1,1.08,1.08,0.0,normal
7,Kanto_040,Child_042735,Child_042735-II,1,1.0,1.0,0.0,normal
7,Kanto_057,Child_028784,Child_028784-II,1,1.0,1.0,0.0,normal
7,Kanto_057,Child_032742,Child_032742-II,1,1.0,1.0,0.0,normal
7,Kanto_040,Child_029388,Child_029388-II,1,1.08,1.08,0.0,normal
7,Kanto_040,Child_091197,Child_091197-II,1,1.0,1.0,0.0,normal
7,Kanto_063,Child_060940,Child_060940-II,1,1.08,1.08,0.0,normal
7,Kanto_063,Child_042394,Child_042394-II,1,0.9616647568108722,0.9880647568108721,0.02639999999999998,normal
7,Kanto_040,Child_013413,Child_013413-II,1,1.0608974414502539,1.08,0.019102558549746185,normal
7,Kanto_040,Child_009683,Child_009683-II,1,1.05,1.05,0.0,normal
7,Kanto_040,Child_003971-II,Child_003971-III,2,1.08,1.08,0.0,normal
7,Kanto_063,Child_073686,Child_073686-II,1,1.0,1.0,0.0,normal
7,Kanto_063,Child_012351,Child_012351-II,1,1.0,1.0,0.0,normal
7,Kanto_040,Child_053626,Child_053626-II,1,1.08,1.08,0.0,normal
7,Kanto_063,Child_070545,Child_070545-II,1,1.05,1.05,0.0,normal
7,Kanto_040,Child_075664-II,Child_075664-III,2,1.08,1.08,0.0,normal
7,Kanto_015,Child_009641-II,Child_009641-III,2,1.0,1.0,0.0,normal
7,Kanto_040,Child_022976,Child_022976-II,1,1.08,1.08,0.0,normal
7,Kanto_063,Child_071779,Child_071779-II,1,1.0,1.0,0.0,normal
7,ROUGE,Child_047691,ROUGE-II,1,0.9905265251214934,1.0,0.009473474878506583,normal
7,Kanto_040,Child_072197,Child_072197-II,1,1.0299091041255664,1.08,0.050090895874433716,normal
7,Kanto_057,Child_002827,Child_002827-II,1,1.08,1.08,0.0,normal
7,Kanto_015,Child_007549,Child_007549-II,1,1.08,1.08,0.0,normal
7,Kanto_040,Child_065628,Child_065628-II,1,1.08,1.08,0.0,normal
7,Kanto_057,Child_013006,Child_013006-II,1,1.08,1.08,0.0,normal
7,Kanto_063,Child_022182,Child_022182-II,1,1.08,1.08,0.0,normal
7,Kanto_040,Child_051674,Child_051674-II,1,1.0,1.0,0.0,normal
7,Kanto_063,Child_027454,Child_027454-II,1,1.0465205727937703,1.08,0.03347942720622976,normal
7,Kanto_040,Child_083279,Child_083279-II,1,1.05,1.05,0.0,normal
7,Kanto_004,Child_073857,Child_073857-II,1,1.0,1.0,0.0,normal
7,Kanto_057,Child_093779-II,Child_093779-III,2,1.0,1.0,0.0,normal
7,Kanto_040,Child_007913,Child_007913-II,1,1.08,1.08,0.0,normal
7,Kanto_040,Child_017375,Child_017375-II,1,0.9857883956219267,1.0,0.01421160437807334,normal
7,Kanto_063,Child_009203,Child_009203-II,1,1.08,1.08,0.0,normal
7,Kanto_079,Child_060914,Child_060914-II,1,1.0,1.0,0.0,normal
7,Kanto_079,Child_056328-II,Child_056328-III,2,1.08,1.08,0.0,normal
7,Kanto_040,Child_074348,Child_074348-II,1,1.0,1.0,0.0,normal
7,Kanto_063,Child_037049,Child_037049-II,1,1.08,1.08,0.0,normal
7,Kanto_040,Child_099463,Child_099463-II,1,1.08,1.08,0.0,normal
7,Kanto_063,Child_088205-II,Child_088205-III,2,1.0,1.0,0.0,normal
7,Kanto_040,Child_011437,Child_011437-II,1,1.08,1.08,0.0,normal
7,Kanto_040,Child_034880,Child_034880-II,1,1.08,1.08,0.0,normal
7,Kanto_004,Child_070679,Child_070679-II,1,1.0,1.0,0.0,normal
7,Kanto_040,Child_038695,Child_038695-II,1,1.048414009185669,1.05,0.0015859908143309731,normal
7,Kanto_063,Child_092092,Child_092092-II,1,1.0,1.0,0.0,normal
7,Kanto_040,Child_002397,Child_002397-II,1,1.08,1.08,0.0,normal
7,Kanto_003,Child_090211,Child_090211-II,1,1.05,1.05,0.0,normal
7,ROUGE,Child_068858,ROUGE-II,1,1.08,1.08,0.0,normal
7,Kanto_040,Child_038501-II,Child_038501-III,2,1.0587180347547902,1.08,0.021281965245209866,normal
7,Kanto_063,Child_047183,Child_047183-II,1,1.08,1.08,0.0,normal
